<?xml version="1.0" encoding="UTF-8"?>
<jcr:root xmlns:sling="http://sling.apache.org/jcr/sling/1.0" xmlns:cq="http://www.day.com/jcr/cq/1.0" xmlns:jcr="http://www.jcp.org/jcr/1.0" xmlns:nt="http://www.jcp.org/jcr/nt/1.0"
    jcr:primaryType="nt:unstructured"
    sling:resourceType="cq/gui/components/authoring/dialog">
    <content
        jcr:primaryType="nt:unstructured"
        sling:resourceType="granite/ui/components/coral/foundation/container">
        <items jcr:primaryType="nt:unstructured">
            <mytabs
                jcr:primaryType="nt:unstructured"
                sling:resourceType="granite/ui/components/coral/foundation/tabs">
                <items jcr:primaryType="nt:unstructured">
                    <tab1
                        jcr:primaryType="nt:unstructured"
                        jcr:title="tab1"
                        sling:resourceType="granite/ui/components/coral/foundation/container">
                        <items jcr:primaryType="nt:unstructured">
                            <columns
                                jcr:primaryType="nt:unstructured"
                                sling:resourceType="granite/ui/components/coral/foundation/fixedcolumns">
                                <items jcr:primaryType="nt:unstructured">
                                    <column
                                        jcr:primaryType="nt:unstructured"
                                        sling:resourceType="granite/ui/components/coral/foundation/container">
                                        <items jcr:primaryType="nt:unstructured">
                                            <AuthorText
                                                jcr:primaryType="nt:unstructured"
                                                sling:resourceType="granite/ui/components/coral/foundation/form/textfield"
                                                fieldDescription="Text Description"
                                                fieldLabel="Authoring Text"
                                                name="./text"/>
                                            <Select
                                                jcr:primaryType="nt:unstructured"
                                                sling:resourceType="granite/ui/components/coral/foundation/form/select"
                                                fieldLabel="Select Color"
                                                name="./color">
                                                <items jcr:primaryType="nt:unstructured">
                                                    <Blank
                                                        jcr:primaryType="nt:unstructured"
                                                        text="No Color"
                                                        value=""/>
                                                    <Green
                                                        jcr:primaryType="nt:unstructured"
                                                        text="Green"
                                                        value="Green"/>
                                                    <Blue
                                                        jcr:primaryType="nt:unstructured"
                                                        text="Blue"
                                                        value="Blue"/>
                                                    <Pink
                                                        jcr:primaryType="nt:unstructured"
                                                        text="Pink"
                                                        value="Pink"/>
                                                    <Black
                                                        jcr:primaryType="nt:unstructured"
                                                        text="Black"
                                                        value="Black"/>
                                                </items>
                                            </Select>
                                        </items>
                                    </column>
                                </items>
                            </columns>
                        </items>
                    </tab1>
                </items>
            </mytabs>
        </items>
    </content>
</jcr:root>
